{"cameraMode":{"drawMode":0,"name":"Shaded","section":"Shading Mode"},"sceneLighting":true,"audioPlay":false,"sceneViewState":{"m_AlwaysRefresh":false,"showFog":true,"showSkybox":true,"showFlares":true,"showImageEffects":true,"showParticleSystems":true,"showVisualEffectGraphs":true,"m_FxEnabled":true},"in2DMode":false,"pivot":{"x":-0.7504814863204956,"y":1.9139167070388795,"z":-5.506074905395508},"rotation":{"x":-0.0005473743076436222,"y":0.9995590448379517,"z":-0.019156796857714654,"w":-0.025505444034934045},"size":4.818117141723633,"orthographic":false}