{"cameraMode":{"drawMode":0,"name":"Shaded","section":"Shading Mode"},"sceneLighting":false,"audioPlay":false,"sceneViewState":{"m_AlwaysRefresh":false,"showFog":true,"showSkybox":false,"showFlares":true,"showImageEffects":true,"showParticleSystems":true,"showVisualEffectGraphs":true,"m_FxEnabled":true},"in2DMode":false,"pivot":{"x":1036.0701904296875,"y":583.0333862304688,"z":0.2477412223815918},"rotation":{"x":-0.027286585420370103,"y":-0.05771409347653389,"z":-0.0015764336567372084,"w":0.9980225563049316},"size":2.2364981174468996,"orthographic":false}